Segment,Monetary,Frequency
At Risk,1090694.272,7.572237960339943
Champions,11223955.465,19.369302325581394
Loyal Customers,2109167.304,7.891768292682927
Others,1692255.736,1.9135667396061269
Potential Loyalist,1258731.491,2.8992395437262357
